Linnet,Pllu,62756 Dahle Pass,Hollywood,Florida,33028
Augustin,Aubury,7426 Stoughton Terrace,Phoenix,Arizona,85062
Marla,Castaneda,06201 Straubel Hill,Utica,New York,13505
Armstrong,Samet,52175 David Center,Littleton,Colorado,80127
Nadya,McCreagh,41 Bartillon Street,Jamaica,New York,11436
Allyn,Bunworth,14147 Rusk Junction,Fort Lauderdale,Florida,33315
Kassi,Ettels,87186 Onsgard Lane,Washington,District of Columbia,20551
Corey,Clews,1 Bluejay Center,Houston,Texas,77250
Rosa,Tower,993 Northview Trail,Palatine,Illinois,60078
Vinnie,Ahlf,265 Judy Point,Dallas,Texas,75226
Yuma,Game,38445 Dottie Plaza,Topeka,Kansas,66699
Stacy,Mungham,64217 Kenwood Pass,Lexington,Kentucky,40524
Howey,Bench,56 Spaight Crossing,San Antonio,Texas,78260
Lindsay,Izen,4 Ohio Court,Dulles,Virginia,20189
Jason,Byars,49 Briar Crest Trail,Denver,Colorado,80299
Verina,Michiel,0 Merchant Parkway,Toledo,Ohio,43615
Callie,Mitcham,4058 Mariners Cove Street,San Jose,California,95133
Mace,Zanutti,946 Barnett Center,Richmond,Virginia,23242
Barton,Tunnock,1435 Mifflin Parkway,New Orleans,Louisiana,70142
Addy,Wennington,90607 Dexter Circle,Washington,District of Columbia,20210
Pavia,Battleson,3810 Sauthoff Hill,Albuquerque,New Mexico,87195
Maryann,Waterhouse,59 Pepper Wood Circle,Norfolk,Virginia,23509
Shermie,Maudlen,04861 Annamark Road,Mesa,Arizona,85205
Nerita,Morefield,31 Jackson Place,New York City,New York,10125
Evangelia,Osgardby,70919 Forest Run Center,Washington,District of Columbia,20231
Letty,Berndsen,82 Toban Junction,Toledo,Ohio,43635
Nels,Hairon,00 Caliangt Park,Beaverton,Oregon,97075
Axe,Grunguer,5709 Summer Ridge Place,Sarasota,Florida,34276
Dalston,Dugall,0666 Tennessee Circle,Fresno,California,93740
Dillon,Palatino,50225 Gale Junction,Levittown,Pennsylvania,19058
Martainn,Kestin,63070 Susan Place,Sioux Falls,South Dakota,57105
Nial,Ensley,06541 Michigan Trail,Brooklyn,New York,11236
Cornie,Dyhouse,27 Karstens Road,New York City,New York,10110
Elayne,Tanman,231 Oak Valley Street,Lakewood,Washington,98498
Felic,Guerriero,395 Sachtjen Circle,Cleveland,Ohio,44177
Nissa,Chaney,148 Porter Terrace,Indianapolis,Indiana,46247
Cookie,Giacopazzi,8811 Dovetail Plaza,Florence,South Carolina,29505
Olimpia,Eggins,69849 Heath Alley,Kansas City,Missouri,64125
Radcliffe,Andreolli,9 Walton Lane,New Orleans,Louisiana,70154
Ashlin,Donner,607 Cottonwood Junction,Atlanta,Georgia,30392
Carol-jean,McFall,36 Continental Terrace,Port Washington,New York,11054
Shandra,Beecheno,9 Londonderry Way,Birmingham,Alabama,35236
Lorrin,Wellings,61817 Forest Drive,Lafayette,Louisiana,70505
Mariana,Koubek,236 Browning Point,Portland,Oregon,97201
Lorri,Labbett,08 Park Meadow Drive,New York City,New York,10155
Emlen,Tyhurst,60970 Maple Wood Way,Staten Island,New York,10305
Korey,Gleader,4 Kensington Court,Savannah,Georgia,31410
Lorne,Axup,09 Raven Parkway,Oakland,California,94611
Tommi,Barrus,861 Longview Hill,Virginia Beach,Virginia,23471
Herbie,Tubbs,1226 Veith Point,Louisville,Kentucky,40210
Ignazio,Sallter,9 Derek Road,Washington,District of Columbia,20430
Nariko,Lehrle,457 Sunnyside Junction,Baltimore,Maryland,21275
Adolph,Godspede,0 Clarendon Drive,Norwalk,Connecticut,06854
Rorie,Moscon,5424 Kedzie Plaza,San Antonio,Texas,78230
Shelly,Bartelot,60 Sloan Point,Arlington,Texas,76096
Cornelia,MacAvddy,4291 Rieder Street,Columbus,Ohio,43284
Abba,Bachs,61689 Loftsgordon Drive,Philadelphia,Pennsylvania,19125
Kurt,Rochester,9 Sage Plaza,Dallas,Texas,75353
Bibbie,Megarrell,432 Buena Vista Road,Jacksonville,Florida,32255
Lacey,Cottrill,2 Portage Alley,Utica,New York,13505
Sigismundo,Chapple,4 Dwight Place,Indianapolis,Indiana,46278
Kathy,Sanbroke,9971 Del Mar Trail,El Paso,Texas,79999
Ronna,MacKeogh,90019 Lakewood Gardens Center,Muskegon,Michigan,49444
Corrine,Dew,707 Merrick Parkway,Erie,Pennsylvania,16505
Farrah,Spridgen,5365 Marquette Way,Nashville,Tennessee,37250
Yorke,Pharoah,7215 John Wall Road,Dallas,Texas,75216
Bren,Lankham,998 Almo Place,Tacoma,Washington,98411
Claus,Karolyi,8350 Sullivan Court,Memphis,Tennessee,38104
Libbie,Dawidowitz,230 Maryland Circle,Cleveland,Ohio,44125
Arliene,Hammelberg,6 Colorado Drive,Fresno,California,93726
Britteny,Butcher,729 Dexter Circle,Pittsburgh,Pennsylvania,15250
Alf,Bontoft,8367 Del Mar Lane,San Antonio,Texas,78245
Gaston,Simeoni,3 Carey Street,Cleveland,Ohio,44130
Euphemia,Clewley,6 Coleman Court,San Jose,California,95108
Benton,Cornehl,71 Starling Pass,Kansas City,Kansas,66112
Cam,Maddams,36433 Nancy Circle,Las Vegas,Nevada,89120
Stefan,Crichmer,83650 Jackson Court,Brooklyn,New York,11210
Corissa,Lintall,1945 Farwell Trail,Pittsburgh,Pennsylvania,15279
Tobe,Euston,6 Warner Avenue,El Paso,Texas,79916
Brocky,Howsam,578 Troy Parkway,Tampa,Florida,33673
Chrystel,Vass,5651 Randy Point,Chandler,Arizona,85246
Charita,Phillips,842 Crest Line Avenue,Atlanta,Georgia,30316
Skell,MacCurley,88 Farragut Avenue,Miami,Florida,33134
Amalee,Towler,708 Independence Place,Tucson,Arizona,85715
Edithe,Mallender,16785 Steensland Parkway,Huntington,West Virginia,25716
Lani,Giorgetti,6 Scofield Avenue,Spring,Texas,77388
Jaime,Barrable,6 La Follette Road,Saint Paul,Minnesota,55123
Thibaut,MacFarland,67 Barnett Junction,Baton Rouge,Louisiana,70815
Addie,Rowlings,46490 Onsgard Trail,El Paso,Texas,88546
Mela,Bushill,274 Oakridge Hill,El Paso,Texas,88574
Nerta,Greenham,31483 Lerdahl Park,Houston,Texas,77020
Anitra,Woodhead,43 Ryan Center,Charlotte,North Carolina,28256
Isador,Karsh,41 Emmet Point,Minneapolis,Minnesota,55436
Elvyn,Slade,997 Hansons Terrace,Santa Ana,California,92725
Billie,Poulett,061 Myrtle Parkway,Waterloo,Iowa,50706
Drusi,Mamwell,728 Duke Center,Phoenix,Arizona,85062
Giorgia,Quadri,49455 Buena Vista Alley,Dallas,Texas,75260
Normand,Kuhlmey,73 Center Park,Boston,Massachusetts,02119
Zorah,Scutter,106 Raven Crossing,Macon,Georgia,31296
Robyn,Riolfo,58 Ridge Oak Trail,Independence,Missouri,64054
